sqm,mol-fr,kg/cum,J,kg/sec,kg/sec,kmol/sec,cum/sec,kg,Watt,N/sqm,K,sec,m/sec,cum,kmol/cum,kg/cum,cum/kmol,Watt,J/sec-K,J,J
sqft,mol-fr,lb/cuft,Btu,lb/hr,lb/hr,lbmol/hr,cuft/hr,lb,hp,PsIa,F,hr,ft/sec,cuft,lbmol/cuft,lb/cuft,cuft/lbmol,kW,Btu/hr-R,hp-hr,Btu
sqm,mol-fr,gm/cc,cal,kg/hr,kg/hr,kmol/hr,l/min,kg,kW,atm,K,hr,m/sec,l,mol/cc,gm/cc,cc/mol,kW,cal/sec-K,kW-hr,cal
sqcm,mass-fr,lb/gal,kcal,lb/sec,lb/sec,MMscfh,gal/min,gm,Btu/hr,lbf/sqft,C,day,mile/hr,cuin,lbmol/gal,lb/gal,ml/mol,MW,kJ/sec-K,ft-lbf,kcal
sqin,,gm/cum,kWhr,Mlb/hr,Mlb/hr,MMscmh,gal/hr,ton,cal/sec,bar,R,min,km/hr,gal,mol/l,gm/cum,bbl/mscf,GW,kcal/sec-K,kJ,Mmkcal
sqmile,,gm/ml,ft-lbf,tons/day,tons/day,mol/sec,bbl/day,Mlb,ft-lbf/sec,torr,,year,ft/min,bbl,mmol/cc,gm/ml,,,kcal/hr-K,N-m,MMBtu
sqmm,,lb/bbl,GJ,Mcfh,gm/sec,lbmol/sec,cum/hr,tonne,MIW,in-water,,month,mm/day,cc,mmol/l,gm/l,,,Btu/hr-F,MJ,Pcu
,,,kJ,tonne/hr,tonne/hr,scmh,cuft/min,L-ton,GW,kg/sqcm,,week,mm/hr,kcum,,mg/l,,,kW/k,Mbtu,MMPcu
,,,N-m,lb/day,lb/day,bmol/day,bbl/hr,MMlb,MJ/hr,mmHg,,nsec,mm/day30,Mcum,,mg/cc,,,,MMBtu,kJ
,,,MJ,kg/day,kg/day,kmol/day,cuft/sec,,kcal/hr,kPa,,oper-year,in/day,Mcuft,,mg/cum,,,,Mcal,GJ
,,,Mcal,tons/hr,tons/year,MMscfd,cum/day,,Gcal/hr,mm-water,,,,MMcuft,,,,,,Gcal,N-m
,,,Gcal,kg/min,tons/hr,Mlscfd,cum/year,,MMBtu/hr,mbar,,,,ml,,,,,,,MJ
,,,Mbtu,kg/year,tonne/day,scfm,l/hr,,MBtu/hr,psig,,,,kl,,,,,,,Mcal
,,,MMBtu,gm/min,tonne/year,mol/min,kbbl/day,,Mhp,atmg,,,,MMl,,,,,,,Gcal
,,,hp-hr,gm/hr,kg/min,kmol/khr,MMcuft/hr,,,barg,,,,Mgal,,,,,,,Mbtu
,,,MMkcal,gm/day,kg/year,kmol/Mhr,MMcuft/day,,,kg/sqcmg,,,,MMgal,,,,,,,kW-hr
,,,,Mgm/hr,gm/min,mol/hr,Mcuft/day,,,lb/ft-sqsec,,,,UKgal,,,,,,,
,,,,Ggm/hr,gm/hr,Mmol/hr,l/sec,,,kg/m-sqsec,,,,MUKgal,,,,,,,
,,,,Mgm/day,gm/day,Mlbmol/hr,l/day,,,pa,,,,MMUKgal,,,,,,,
,,,,Ggm/day,Mgm/hr,lbmol/Mhr,cum/min,,,MiPa,,,,Mbbl,,,,,,,
,,,,lb/min,Ggm/hr,lbmol/MMhr,kcum/sec,,,Pag,,,,MMbbl,,,,,,,
,,,,MMlb/hr,Mgm/day,Mscfm,kcum/hr,,,kPag,,,,kbbl,,,,,,,
,,,,Mlb/day,Ggm/day,scfh,kcum/day,,,MPag,,,,cuyd,,,,,,,
,,,,MMlb/day,lb/min,Mlscfh,Mcum/sec,,,mbarg,,,,,,,,,,,
,,,,lb/year,MMlb/hr,scfd,Mcum/hr,,,in-Hg,,,,,,,,,,,
,,,,Mlb/year,Mlb/day,ncmh,Mcum/day,,,mmHg-vac,,,,,,,,,,,
,,,,MMIb/year,MMlb/day,ncmd,ACFM,,,in-Hg-vac,,,,,,,,,,,
,,,,tons/min,lb/year,kmol/min,cuft/day,,,in-water-60F,,,,,,,,,,,
,,,,Mtons/year,Mlb/year,kmol/week,Mcuft/min,,,in-water-vac,,,,,,,,,,,
,,,,MMtons/year,MMlb/year,kmol/month,Mcuft/hr,,,in-water-60F-vac,,,,,,,,,,,
,,,,L-tons/min,tons/min,kmol/year,MMcuft/hr,,,in-water-g,,,,,,,,,,,
,,,,L-tons/hr,Mtons/year,kmol/oper-year,Mgal/min,,,in-water-60F-g,,,,,,,,,,,
,,,,L-tons/day,MMtons/year,lbmol/min,MMgal/min,,,mm-water-g,,,,,,,,,,,
,,,,ML-tons/year,L-tons/min,,Mgal/hr,,,mm-water-60F-g,,,,,,,,,,,
,,,,MML-tons/year,L-tons/hr,,MMgal/hr,,,psi,,,,,,,,,,,
,,,,ktonne/year,L-tons/day,,Mbbl/hr,,,mm-water-60F,,,,,,,,,,,
,,,,kg/oper-year,ML-tons/year,,MMbbl/hr,,,bara,,,,,,,,,,,
,,,,lb/oper-year,MML-tons/year,,Mbbl/day,,,,,,,,,,,,,,
,,,,Mlb/oper-year,ktonne/year,,MMbbl/day,,,,,,,,,,,,,,
,,,,MIMIb/oper-year,tons/oper-year,,cum/oper-year,,,,,,,,,,,,,,
,,,,Mtons/oper-year,tonne/oper-year,,,,,,,,,,,,,,,,
,,,,MMtons/oper-year,kg/oper-year,,,,,,,,,,,,,,,,
,,,,ML-tons/oper-year,lb/oper-year,,,,,,,,,,,,,,,,
,,,,MML-tons/oper-year,Mlb/oper-year,,,,,,,,,,,,,,,,
,,,,ktonne/oper-year,MMlb/oper-year,,,,,,,,,,,,,,,,
,,,,,Mtons/oper-year,,,,,,,,,,,,,,,,
,,,,,MMtons/oper-year,,,,,,,,,,,,,,,,
,,,,,ML-tons/oper-year,,,,,,,,,,,,,,,,
,,,,,MML-tons/oper-year,,,,,,,,,,,,,,,,
,,,,,ktonne/oper-year,,,,,,,,,,,,,,,,
